{
  "vacuum": {
    "output_tp": 0.9780748892196107,
    "focal_tp_5": 0.9017677365037915,
    "focal_tp_10": 0.9327038238093551,
    "focal_tp_25": 0.9674018188038265,
    "focal_tp_50": 0.9732303232483911,
    "pib_5": 0.9219822274226226,
    "pib_10": 0.9536117940251136,
    "pib_25": 0.9890875971805163,
    "pib_50": 0.9950467563883815,
    "output_tp_std": 1.1102230246251565e-16,
    "focal_tp_5_std": 1.1102230246251565e-16,
    "focal_tp_10_std": 1.1102230246251565e-16,
    "focal_tp_25_std": 1.1102230246251565e-16,
    "focal_tp_50_std": 2.220446049250313e-16,
    "pib_5_std": 2.220446049250313e-16,
    "pib_10_std": 0.0,
    "pib_25_std": 0.0,
    "pib_50_std": 1.1102230246251565e-16
  },
  "turbulent": {
    "output_tp": 0.9712555379333432,
    "focal_tp_5": 0.5052949274355953,
    "focal_tp_10": 0.7852149670325157,
    "focal_tp_25": 0.9468670977761507,
    "focal_tp_50": 0.9637284786085093,
    "pib_5": 0.519938537796226,
    "pib_10": 0.8083967380871754,
    "pib_25": 0.9748771156936946,
    "pib_50": 0.9922444172229669,
    "output_tp_std": 0.006268995637308748,
    "focal_tp_5_std": 0.18041080277807597,
    "focal_tp_10_std": 0.05919306573980693,
    "focal_tp_25_std": 0.008392596533465411,
    "focal_tp_50_std": 0.007137097822147719,
    "pib_5_std": 0.1850448255223606,
    "pib_10_std": 0.05987621375519284,
    "pib_25_std": 0.003180506822281627,
    "pib_50_std": 0.0010899240691938517
  },
  "focal_pib_only": {
    "output_tp": 0.5015711956733514,
    "focal_tp_5": 0.3453821169209322,
    "focal_tp_10": 0.45836829925983463,
    "focal_tp_25": 0.489386261762644,
    "focal_tp_50": 0.4939902449750512,
    "pib_5": 0.6756625568326683,
    "pib_10": 0.9116352392603061,
    "pib_25": 0.9751584772883901,
    "pib_50": 0.9844886041902204,
    "output_tp_std": 0.04477458959629192,
    "focal_tp_5_std": 0.10855099047663326,
    "focal_tp_10_std": 0.053981441837651044,
    "focal_tp_25_std": 0.04666863990998031,
    "focal_tp_50_std": 0.046231600546333525,
    "pib_5_std": 0.17464603995619624,
    "pib_10_std": 0.03336380750663096,
    "pib_25_std": 0.007581290422974159,
    "pib_50_std": 0.005508141181152786
  },
  "focal_strehl_only": {
    "output_tp": 0.5710375401131538,
    "focal_tp_5": 0.3098075469994593,
    "focal_tp_10": 0.46783022883043496,
    "focal_tp_25": 0.5585058234205941,
    "focal_tp_50": 0.566720203414772,
    "pib_5": 0.540057359653401,
    "pib_10": 0.8184818410318995,
    "pib_25": 0.977886511092902,
    "pib_50": 0.9923584149162085,
    "output_tp_std": 0.045658705368774886,
    "focal_tp_5_std": 0.12327390564025671,
    "focal_tp_10_std": 0.06089385485700232,
    "focal_tp_25_std": 0.04585584565652787,
    "focal_tp_50_std": 0.045888090328377984,
    "pib_5_std": 0.19858748187019315,
    "pib_10_std": 0.0740627259502091,
    "pib_25_std": 0.003617369807441555,
    "pib_50_std": 0.0013181130315076555
  },
  "focal_intensity_overlap": {
    "output_tp": 0.0802530758093939,
    "focal_tp_5": 0.020453956723824596,
    "focal_tp_10": 0.02095191022835988,
    "focal_tp_25": 0.023334345899914052,
    "focal_tp_50": 0.02875519017281907,
    "pib_5": 0.25011303371979,
    "pib_10": 0.25625571228665944,
    "pib_25": 0.28588762859980166,
    "pib_50": 0.3534922173654559,
    "output_tp_std": 0.010534493424190581,
    "focal_tp_5_std": 0.007823554799299253,
    "focal_tp_10_std": 0.007920579230376827,
    "focal_tp_25_std": 0.007918246391150513,
    "focal_tp_50_std": 0.007989654057915388,
    "pib_5_std": 0.07799745575861293,
    "pib_10_std": 0.07867499158708546,
    "pib_25_std": 0.07536387441230868,
    "pib_50_std": 0.06764348596130106
  },
  "focal_co_pib_hybrid": {
    "output_tp": 0.0164970293625255,
    "focal_tp_5": 0.015421406326838482,
    "focal_tp_10": 0.015942654273323108,
    "focal_tp_25": 0.01612494373299278,
    "focal_tp_50": 0.01622677903916896,
    "pib_5": 0.9267193633434454,
    "pib_10": 0.9582486541918211,
    "pib_25": 0.9700575918455101,
    "pib_50": 0.9775435467701514,
    "output_tp_std": 0.007965331975430572,
    "focal_tp_5_std": 0.007607642979221952,
    "focal_tp_10_std": 0.007861810454017673,
    "focal_tp_25_std": 0.00793537922583796,
    "focal_tp_50_std": 0.007956988073091722,
    "pib_5_std": 0.024663790627557015,
    "pib_10_std": 0.02450291906228919,
    "pib_25_std": 0.021938706031871688,
    "pib_50_std": 0.0179975363054279
  }
}