{
  "vacuum": {
    "pib5": 0.92198246717453,
    "pib10": 0.9536120295524597,
    "pib25": 0.9890878200531006,
    "pib50": 0.9950469732284546
  },
  "turbulent": {
    "pib5": 0.5200159511868916,
    "pib10": 0.802014100173163,
    "pib25": 0.9752560172762189,
    "pib50": 0.9924209524714758,
    "co": 0.29251510756356375
  },
  "focal_pib_only": {
    "pib5": 0.666430445890578,
    "pib10": 0.901147807401324,
    "pib25": 0.9745258480783493,
    "pib50": 0.9839658396584647,
    "co": 0.3361489148367019
  },
  "focal_strehl_only": {
    "pib5": 0.5413366787963443,
    "pib10": 0.8178856098462665,
    "pib25": 0.9777316621371678,
    "pib50": 0.9923281073570251,
    "co": 0.32051856106235865
  },
  "focal_intensity_overlap": {
    "pib5": 0.24994114774560172,
    "pib10": 0.2563040429164493,
    "pib25": 0.2864311446273138,
    "pib50": 0.35439859165085685,
    "co": 0.4716358340921856
  },
  "focal_co_pib_hybrid": {
    "pib5": 0.9236422190590511,
    "pib10": 0.9554235433775281,
    "pib25": 0.9675416709884764,
    "pib50": 0.9756370092195178,
    "co": 0.9726262073668223
  }
}