{
  "name": "f25mm_z3mm",
  "f_mm": 25.0,
  "z_mm": 3.0,
  "num_layers": 5,
  "dx_fourier_um": 18.9208984375,
  "focus_f_mm": 6.5,
  "co_output": 0.21946664154529572,
  "co_baseline": 0.2683299481868744,
  "focal_pib_10um": 0.4302384555339813,
  "focal_pib_50um": 0.7777411937713623,
  "focal_pib_10um_baseline": 0.5752106308937073,
  "focal_pib_50um_baseline": 0.9745141267776489,
  "focal_pib_10um_vacuum": 0.9298173189163208,
  "focal_pib_50um_vacuum": 0.9833511114120483,
  "dx_focal_um": 4.919433593749999,
  "throughput": 0.9999976071039123,
  "training_seconds": 10646.981171369553
}