{
  "vacuum": {
    "pib5": 0.92198246717453,
    "pib10": 0.9536120295524597,
    "pib25": 0.9890878200531006,
    "pib50": 0.9950469732284546
  },
  "turbulent": {
    "pib5": 0.5200159511868916,
    "pib10": 0.802014100173163,
    "pib25": 0.9752560172762189,
    "pib50": 0.9924209524714758,
    "co": 0.29251510756356375
  },
  "d2nn": {
    "pib5": 0.24994114774560172,
    "pib10": 0.2563040429164493,
    "pib25": 0.2864311446273138,
    "pib50": 0.35439859165085685,
    "co": 0.4716358340921856
  },
  "wf_rms_turb_nm": 368.93997658626904,
  "wf_rms_turb_std_nm": 62.667833571088245,
  "wf_rms_d2nn_nm": 293.9122856048141,
  "wf_rms_d2nn_std_nm": 31.932494316275776
}