{
  "piston_removed": {
    "vacuum": {
      "mean_nm": 0.0,
      "std_nm": 0.0
    },
    "turbulent": {
      "mean_nm": 367.18025452219734,
      "std_nm": 63.457081033277575
    },
    "d2nn": {
      "mean_nm": 293.9072057085371,
      "std_nm": 31.93274065135498
    }
  },
  "piston_tiptilt_removed": {
    "vacuum": {
      "mean_nm": 0.0,
      "std_nm": 0.0
    },
    "turbulent": {
      "mean_nm": 328.0666150357289,
      "std_nm": 100.95146778069889
    },
    "d2nn": {
      "mean_nm": 293.85183530964247,
      "std_nm": 31.928302697352674
    }
  },
  "raw_align_global_phase": {
    "vacuum": {
      "mean_nm": 0.0,
      "std_nm": 0.0
    },
    "turbulent": {
      "mean_nm": 368.93997658626904,
      "std_nm": 62.667833571088245
    },
    "d2nn": {
      "mean_nm": 293.9122856048141,
      "std_nm": 31.932494316275776
    }
  }
}