{
  "vacuum": {
    "pib5": 0.2592083811759949,
    "pib10": 0.5370054244995117,
    "pib25": 0.9916729927062988,
    "pib50": 1.0
  },
  "turbulent": {
    "pib5": 0.24098784863948822,
    "pib10": 0.506043860912323,
    "pib25": 0.9816271328926086,
    "pib50": 0.9986699748039246,
    "co": 0.9320316624641418
  },
  "d2nn": {
    "pib5": 0.7844588947296143,
    "pib10": 0.9679357481002807,
    "pib25": 0.984479706287384,
    "pib50": 0.989414005279541,
    "co": 0.6514168643951416
  },
  "wf_rms_turb_nm": 39.14105093643987,
  "wf_rms_turb_std_nm": 14.546212260175741,
  "wf_rms_d2nn_nm": 116.2658656330771,
  "wf_rms_d2nn_std_nm": 4.690529414559651
}