{
  "Vacuum": {
    "throughput": 0.9768153615847787,
    "throughput_std": 1.1102230246251565e-16,
    "rp_5um_mean": 268.1780090332031,
    "rp_10um_mean": 277.1663513183594,
    "rp_25um_mean": 287.11480712890625,
    "rp_50um_mean": 288.7713623046875,
    "rp_5um_std": 0.0,
    "rp_10um_std": 0.0,
    "rp_25um_std": 0.0,
    "rp_50um_std": 0.0,
    "pib_5um": 92.8686303561653,
    "pib_10um": 95.98124589166031,
    "pib_25um": 99.42634367807102,
    "pib_50um": 100.0
  },
  "Turbulent": {
    "throughput": 0.9700287511850564,
    "throughput_std": 0.007462501310653538,
    "rp_5um_mean": 132.3716686439514,
    "rp_10um_mean": 212.0423960494995,
    "rp_25um_mean": 269.8073043823242,
    "rp_50um_mean": 274.9977062988281,
    "rp_5um_std": 59.2192330424307,
    "rp_10um_std": 41.199805831839335,
    "rp_25um_std": 29.3658115710202,
    "rp_50um_std": 29.77809635302752,
    "pib_5um": 48.13555371989497,
    "pib_10um": 77.10696896470918,
    "pib_25um": 98.11256537868584,
    "pib_50um": 100.0
  },
  "AbsBucket+CO": {
    "throughput": 0.9829632758939921,
    "throughput_std": 0.0036890209187018536,
    "rp_5um_mean": 145.30559198379515,
    "rp_10um_mean": 224.27731845855712,
    "rp_25um_mean": 274.48252304077147,
    "rp_50um_mean": 278.5531050109863,
    "rp_5um_std": 60.898951336201975,
    "rp_10um_std": 38.56908017032607,
    "rp_25um_std": 29.28499107619594,
    "rp_50um_std": 29.58228262110814,
    "pib_5um": 52.16441295029334,
    "pib_10um": 80.51510265868747,
    "pib_25um": 98.53866932481176,
    "pib_50um": 100.0
  },
  "PIB+HardTP(10)": {
    "throughput": 0.9891872749946511,
    "throughput_std": 0.0017891879097794124,
    "rp_5um_mean": 145.87045486450197,
    "rp_10um_mean": 224.96878772735596,
    "rp_25um_mean": 275.3503518676758,
    "rp_50um_mean": 279.7316372680664,
    "rp_5um_std": 60.78670625121765,
    "rp_10um_std": 38.20658975784237,
    "rp_25um_std": 29.163404625963302,
    "rp_50um_std": 29.50079454268052,
    "pib_5um": 52.146570294698044,
    "pib_10um": 80.4230761756021,
    "pib_25um": 98.43375406400958,
    "pib_50um": 100.00000000000001
  },
  "TP-PIB w=0.5": {
    "throughput": 0.9694011733993853,
    "throughput_std": 0.007545840977451754,
    "rp_5um_mean": 146.18789637565612,
    "rp_10um_mean": 223.78462707519532,
    "rp_25um_mean": 271.4436441040039,
    "rp_50um_mean": 275.2012878417969,
    "rp_5um_std": 60.33819092894859,
    "rp_10um_std": 37.52838830970881,
    "rp_25um_std": 29.389572500469548,
    "rp_50um_std": 29.675944096955078,
    "pib_5um": 53.12035329561908,
    "pib_10um": 81.31670779238536,
    "pib_25um": 98.63458351984416,
    "pib_50um": 100.0
  },
  "TP-PIB w=2.0": {
    "throughput": 0.9893392987612474,
    "throughput_std": 0.0018184795354985362,
    "rp_5um_mean": 145.84952714920044,
    "rp_10um_mean": 224.95582305908204,
    "rp_25um_mean": 275.3879028320313,
    "rp_50um_mean": 279.7549465942383,
    "rp_5um_std": 60.78983596326848,
    "rp_10um_std": 38.226877651249225,
    "rp_25um_std": 29.173331362966266,
    "rp_50um_std": 29.508296581957456,
    "pib_5um": 52.134744684512505,
    "pib_10um": 80.41174098893131,
    "pib_25um": 98.43897531915992,
    "pib_50um": 100.0
  },
  "Raw RP": {
    "throughput": 0.9859202523759791,
    "throughput_std": 0.002834344134840976,
    "rp_5um_mean": 147.2047696495056,
    "rp_10um_mean": 225.54065872192382,
    "rp_25um_mean": 274.7568231201172,
    "rp_50um_mean": 279.01522109985353,
    "rp_5um_std": 60.471693990017194,
    "rp_10um_std": 37.44701697110615,
    "rp_25um_std": 29.22100036020497,
    "rp_50um_std": 29.530933226944946,
    "pib_5um": 52.75868788420836,
    "pib_10um": 80.83453577652944,
    "pib_25um": 98.4737757449396,
    "pib_50um": 100.0
  }
}