{
  "vacuum": {
    "pib5": 0.9125887155532837,
    "pib10": 0.9481945633888245,
    "pib25": 0.9807173013687134,
    "pib50": 0.9924960732460022
  },
  "turbulent": {
    "pib5": 0.3154118436574936,
    "pib10": 0.5821071469783783,
    "pib25": 0.9396976184844971,
    "pib50": 0.9850685095787048,
    "co": 0.2782484793663025
  },
  "d2nn": {
    "pib5": 0.35627907514572144,
    "pib10": 0.627325804233551,
    "pib25": 0.9421374416351318,
    "pib50": 0.9821275568008423,
    "co": 0.2801108342409134
  },
  "wf_rms_turb_nm": 368.75754467153615,
  "wf_rms_turb_std_nm": 65.68518155228274,
  "wf_rms_d2nn_nm": 370.9961638555526,
  "wf_rms_d2nn_std_nm": 69.69975468353493
}