{
  "vacuum": {
    "pib5": 0.29115763306617737,
    "pib10": 0.4633781313896179,
    "pib25": 0.8732984066009521,
    "pib50": 0.9760104417800903
  },
  "turbulent": {
    "pib5": 0.02735029973089695,
    "pib10": 0.06711394011974335,
    "pib25": 0.3304536426067352,
    "pib50": 0.7565987586975098,
    "co": 0.15094263911247252
  },
  "d2nn": {
    "pib5": 0.10888342261314392,
    "pib10": 0.23577721834182738,
    "pib25": 0.5968375754356384,
    "pib50": 0.8355672812461853,
    "co": 0.13034766107797624
  },
  "wf_rms_turb_nm": 401.9757060343986,
  "wf_rms_turb_std_nm": 32.95512229800159,
  "wf_rms_d2nn_nm": 411.5830385475625,
  "wf_rms_d2nn_std_nm": 24.590042357886283
}