{
  "run_name": "n15_L4",
  "epochs": 100,
  "final_loss": -1.0020648746585845,
  "final_pcc": 0.891390139632225,
  "total_time_s": 18484.395255565643
}
