{
  "run_name": "n10_L4",
  "epochs": 100,
  "final_loss": -1.0053563269281387,
  "final_pcc": 0.896647883439064,
  "total_time_s": 12628.530916452408
}
