{
  "vacuum": {
    "pib5": 0.09152239561080933,
    "pib10": 0.2158779501914978,
    "pib25": 0.9569029808044434,
    "pib50": 0.9917206764221191,
    "strehl_correct": 0.028946444421770082
  },
  "turbulent": {
    "pib5": 0.07819067574446163,
    "pib10": 0.21420965615719084,
    "pib25": 0.8891547918319702,
    "pib50": 0.9825534593491327,
    "co": 0.28139161732461715,
    "strehl_correct": 0.052125210918131326
  },
  "d2nn": {
    "pib5": 0.6821695499949985,
    "pib10": 0.9002859005852352,
    "pib25": 0.9761885972250075,
    "pib50": 0.9856895028598724,
    "co": 0.10959692228408087,
    "strehl_correct": 0.6397001114156511
  }
}