{
  "vacuum": {
    "pib5": 0.9336041808128357,
    "pib10": 0.973174512386322,
    "pib25": 0.9921092987060547,
    "pib50": 0.996973991394043
  },
  "turbulent": {
    "pib5": 0.5055343592166901,
    "pib10": 0.7820019912719727,
    "pib25": 0.9733731508255005,
    "pib50": 0.9932356858253479,
    "co": 0.47341924011707304
  },
  "d2nn": {
    "pib5": 0.559970680475235,
    "pib10": 0.8251085829734802,
    "pib25": 0.9769965171813965,
    "pib50": 0.9935291123390197,
    "co": 0.4684040129184723
  },
  "wf_rms_turb_nm": 275.0616067333871,
  "wf_rms_turb_std_nm": 81.35937266366123,
  "wf_rms_d2nn_nm": 283.3070219660678,
  "wf_rms_d2nn_std_nm": 72.49654203424191
}