{
  "piston_removed": {
    "vacuum": {
      "mean_nm": 0.0,
      "std_nm": 0.0
    },
    "turbulent": {
      "mean_nm": 367.18025452219734,
      "std_nm": 63.457081033277575
    },
    "d2nn": {
      "mean_nm": 367.7505015518502,
      "std_nm": 60.82743174729973
    }
  },
  "piston_tiptilt_removed": {
    "vacuum": {
      "mean_nm": 0.0,
      "std_nm": 0.0
    },
    "turbulent": {
      "mean_nm": 328.0666150357289,
      "std_nm": 100.95146778069889
    },
    "d2nn": {
      "mean_nm": 330.4612729649193,
      "std_nm": 96.1771909171511
    }
  },
  "raw_align_global_phase": {
    "vacuum": {
      "mean_nm": 0.0,
      "std_nm": 0.0
    },
    "turbulent": {
      "mean_nm": 368.93997658626904,
      "std_nm": 62.667833571088245
    },
    "d2nn": {
      "mean_nm": 369.47059607261355,
      "std_nm": 60.027274925316604
    }
  }
}