{
  "Vacuum": {
    "output_tp": 0.9768153615847788,
    "received_power_5um": 0.9027607188014551,
    "received_power_10um": 0.9330179437373616,
    "received_power_25um": 0.9665071740842908,
    "received_power_50um": 0.9720835930703733,
    "pib_5um": 0.9241876758948817,
    "pib_10um": 0.955163053766517,
    "pib_25um": 0.989447148452125,
    "pib_50um": 0.9951559233192968
  },
  "Turbulent": {
    "output_tp": 0.9702387484374253,
    "received_power_5um": 0.44101568679883835,
    "received_power_10um": 0.7158295398370529,
    "received_power_25um": 0.909249332559704,
    "received_power_50um": 0.9267925728698516,
    "pib_5um": 0.4788685153653123,
    "pib_10um": 0.7684723107451028,
    "pib_25um": 0.9733050585019598,
    "pib_50um": 0.9921295636804466
  },
  "Absolute Bucket": {
    "output_tp": 0.9861894251630288,
    "received_power_5um": 0.4897509869579475,
    "received_power_10um": 0.7577452229273189,
    "received_power_25um": 0.9267425225524346,
    "received_power_50um": 0.9410423307339768,
    "pib_5um": 0.5233495337188077,
    "pib_10um": 0.8001786723534667,
    "pib_25um": 0.9760045160570638,
    "pib_50um": 0.9910818209577585
  },
  "TP-Penalized PIB": {
    "output_tp": 0.984080248032502,
    "received_power_5um": 0.4896732005513753,
    "received_power_10um": 0.7572978869150472,
    "received_power_25um": 0.9255969846121983,
    "received_power_50um": 0.9396521071471279,
    "pib_5um": 0.5244418847722581,
    "pib_10um": 0.8014696862902914,
    "pib_25um": 0.9768915940621815,
    "pib_50um": 0.9917452919666137
  },
  "Multiplane CO+PIB+Amp": {
    "output_tp": 0.3983139207461951,
    "received_power_5um": 0.23273579881313355,
    "received_power_10um": 0.319818374979608,
    "received_power_25um": 0.36256715649271376,
    "received_power_50um": 0.36878517904494296,
    "pib_5um": 0.5984794883256788,
    "pib_10um": 0.8305888646352867,
    "pib_25um": 0.9443580910140351,
    "pib_50um": 0.9608632614542479
  }
}