{
  "vacuum": {
    "pib5": 0.92198246717453,
    "pib10": 0.9536120295524597,
    "pib25": 0.9890878200531006,
    "pib50": 0.9950469732284546
  },
  "turbulent": {
    "pib5": 0.5200159511868916,
    "pib10": 0.802014100173163,
    "pib25": 0.9752560172762189,
    "pib50": 0.9924209524714758,
    "co": 0.29251510756356375
  },
  "d2nn": {
    "pib5": 0.5413366787963443,
    "pib10": 0.8178856098462665,
    "pib25": 0.9777316621371678,
    "pib50": 0.9923281073570251,
    "co": 0.32051856106235865
  },
  "wf_rms_turb_nm": 368.93997658626904,
  "wf_rms_turb_std_nm": 62.667833571088245,
  "wf_rms_d2nn_nm": 356.32047937527904,
  "wf_rms_d2nn_std_nm": 73.66301384727431
}