{
  "vacuum": {
    "pib5": 0.08883810043334961,
    "pib10": 0.16515539586544037,
    "pib25": 0.9040936231613159,
    "pib50": 0.9846898317337036,
    "strehl_correct": 0.016384214162826538
  },
  "turbulent": {
    "pib5": 0.0643628676614118,
    "pib10": 0.17199266607326175,
    "pib25": 0.829574828110044,
    "pib50": 0.9780599077542623,
    "co": 0.2595389828322426,
    "strehl_correct": 0.04744464773980398
  },
  "d2nn": {
    "pib5": 0.5546542122250512,
    "pib10": 0.812809876033238,
    "pib25": 0.9650670271071177,
    "pib50": 0.9784295454857841,
    "co": 0.09792785441118573,
    "strehl_correct": 0.5463925112807562
  }
}