{
  "run_name": "n1_L4",
  "epochs": 100,
  "final_loss": -1.0660214136362076,
  "final_pcc": 0.9377839998531342,
  "total_time_s": 8353.922708034515
}
