{
  "piston_removed": {
    "vacuum": {
      "mean_nm": 0.0,
      "std_nm": 0.0
    },
    "turbulent": {
      "mean_nm": 367.18025452219734,
      "std_nm": 63.457081033277575
    },
    "d2nn": {
      "mean_nm": 366.7301696540609,
      "std_nm": 60.643859501679025
    }
  },
  "piston_tiptilt_removed": {
    "vacuum": {
      "mean_nm": 0.0,
      "std_nm": 0.0
    },
    "turbulent": {
      "mean_nm": 328.0666150357289,
      "std_nm": 100.95146778069889
    },
    "d2nn": {
      "mean_nm": 330.1652656385142,
      "std_nm": 94.62887048420775
    }
  },
  "raw_align_global_phase": {
    "vacuum": {
      "mean_nm": 0.0,
      "std_nm": 0.0
    },
    "turbulent": {
      "mean_nm": 368.93997658626904,
      "std_nm": 62.667833571088245
    },
    "d2nn": {
      "mean_nm": 368.3447403134684,
      "std_nm": 59.89023643428047
    }
  }
}