{
  "name": "f10mm_z1mm",
  "f_mm": 10.0,
  "z_mm": 1.0,
  "num_layers": 5,
  "dx_fourier_um": 7.568359375,
  "focus_f_mm": 6.5,
  "co_output": 0.206732377409935,
  "co_baseline": 0.2683299481868744,
  "focal_pib_10um": 0.37742137908935547,
  "focal_pib_50um": 0.5918927192687988,
  "focal_pib_10um_baseline": 0.5752106308937073,
  "focal_pib_50um_baseline": 0.9745141267776489,
  "focal_pib_10um_vacuum": 0.9298173189163208,
  "focal_pib_50um_vacuum": 0.9833511114120483,
  "dx_focal_um": 4.919433593749999,
  "throughput": 0.9999590955027559,
  "training_seconds": 10965.84365272522
}