{
  "vacuum": {
    "pib5": 0.92198246717453,
    "pib10": 0.9536120295524597,
    "pib25": 0.9890878200531006,
    "pib50": 0.9950469732284546
  },
  "turbulent": {
    "pib5": 0.5200159511868916,
    "pib10": 0.802014100173163,
    "pib25": 0.9752560172762189,
    "pib50": 0.9924209524714758,
    "co": 0.29251510756356375
  },
  "d2nn": {
    "pib5": 0.5550525325631338,
    "pib10": 0.83230697919452,
    "pib25": 0.9796138557176741,
    "pib50": 0.992309157810514,
    "co": 0.2913289439110529
  },
  "wf_rms_turb_nm": 368.93997658626904,
  "wf_rms_turb_std_nm": 62.667833571088245,
  "wf_rms_d2nn_nm": 369.1392873783155,
  "wf_rms_d2nn_std_nm": 58.89391868287319
}