{
  "root": "data/cifar10_cosaliency_fu2013_variants/sharpened",
  "train": {
    "count": 5000,
    "mean": {
      "center_offset_norm": 0.1017879992723465,
      "component_count": 5.920199871063232,
      "edge_density": 0.13302715122699738,
      "foreground_ratio": 0.2690503001213074,
      "largest_component_ratio": 0.5634081959724426,
      "peak_value": 1.0
    },
    "p10": {
      "center_offset_norm": 0.033349599689245224,
      "component_count": 3.0,
      "edge_density": 0.10065832734107971,
      "foreground_ratio": 0.1887902319431305,
      "largest_component_ratio": 0.3134026825428009,
      "peak_value": 1.0
    },
    "p50": {
      "center_offset_norm": 0.09408668428659439,
      "component_count": 6.0,
      "edge_density": 0.13165977597236633,
      "foreground_ratio": 0.2597407400608063,
      "largest_component_ratio": 0.5316122770309448,
      "peak_value": 1.0
    },
    "p90": {
      "center_offset_norm": 0.17802748084068298,
      "component_count": 9.0,
      "edge_density": 0.16612783074378967,
      "foreground_ratio": 0.35856619477272034,
      "largest_component_ratio": 0.8888888955116272,
      "peak_value": 1.0
    }
  },
  "val": {
    "count": 1000,
    "mean": {
      "center_offset_norm": 0.0936758741736412,
      "component_count": 5.724999904632568,
      "edge_density": 0.13431662321090698,
      "foreground_ratio": 0.2742636799812317,
      "largest_component_ratio": 0.5697519779205322,
      "peak_value": 1.0
    },
    "p10": {
      "center_offset_norm": 0.030257264152169228,
      "component_count": 3.0,
      "edge_density": 0.10470359772443771,
      "foreground_ratio": 0.19977866113185883,
      "largest_component_ratio": 0.3161064386367798,
      "peak_value": 1.0
    },
    "p50": {
      "center_offset_norm": 0.08568795025348663,
      "component_count": 6.0,
      "edge_density": 0.1330997347831726,
      "foreground_ratio": 0.2720550298690796,
      "largest_component_ratio": 0.5371664762496948,
      "peak_value": 1.0
    },
    "p90": {
      "center_offset_norm": 0.17107446491718292,
      "component_count": 9.0,
      "edge_density": 0.1644355058670044,
      "foreground_ratio": 0.34269338846206665,
      "largest_component_ratio": 0.8967874646186829,
      "peak_value": 1.0
    }
  }
}