{
  "vacuum": {
    "pib5": 0.48027053475379944,
    "pib10": 0.6931487321853638,
    "pib25": 0.9579671621322632,
    "pib50": 0.9891870617866516
  },
  "turbulent": {
    "pib5": 0.07924061208963394,
    "pib10": 0.1972160094976425,
    "pib25": 0.7068034648895264,
    "pib50": 0.9525817489624023,
    "co": 0.16814792335033416
  },
  "d2nn": {
    "pib5": 0.16531683266162872,
    "pib10": 0.36175967335700987,
    "pib25": 0.8112003755569458,
    "pib50": 0.9318593668937684,
    "co": 0.15398079097270967
  },
  "wf_rms_turb_nm": 403.9086809694097,
  "wf_rms_turb_std_nm": 31.145183567848495,
  "wf_rms_d2nn_nm": 412.38400473802807,
  "wf_rms_d2nn_std_nm": 21.19589954330162
}