{
  "piston_removed": {
    "vacuum": {
      "mean_nm": 0.0,
      "std_nm": 0.0
    },
    "turbulent": {
      "mean_nm": 367.18025452219734,
      "std_nm": 63.457081033277575
    },
    "d2nn": {
      "mean_nm": 367.0909337478549,
      "std_nm": 60.24528599115106
    }
  },
  "piston_tiptilt_removed": {
    "vacuum": {
      "mean_nm": 0.0,
      "std_nm": 0.0
    },
    "turbulent": {
      "mean_nm": 328.0666150357289,
      "std_nm": 100.95146778069889
    },
    "d2nn": {
      "mean_nm": 331.38152320122003,
      "std_nm": 93.40127880116846
    }
  },
  "raw_align_global_phase": {
    "vacuum": {
      "mean_nm": 0.0,
      "std_nm": 0.0
    },
    "turbulent": {
      "mean_nm": 368.93997658626904,
      "std_nm": 62.667833571088245
    },
    "d2nn": {
      "mean_nm": 368.6303202367134,
      "std_nm": 59.525573942352224
    }
  }
}